url,name,price,rating,number_of_reviews,description,product_description,asin,manufacturer
/Safari-45L-21-OB-BLK/dp/B07BZ5VC4H/,Safari Seek 45 Ltrs Overnighter Expandable Travel Laptop Backpack,2299,4.5,7727,Buy Safari Seek 45L Extra Large Polyester Hard Sided 4 Spinner Wheels Backpack Black from Laptop Backpacks at Amazon.in. 30 days free exchange or return,,B07BZ5VC4H,SafariIndustries(India)Ltd
/Half-Moon-Resistant-Backpack-Compartment/dp/B0BJ32LQ6X/,Half Moon Large 37L Laptop Bag Backpack for menं Women Boys and Girls Luggage Travel Bags with 17.3 inches Laptop Compartment & Rain Cover,689,3.9,3843,"Buy Half Moon Large 35L Water Resistant 17.3"" Laptop Bag/Backpack, Black & Orange | Office Bag for Men, Women with Padded Laptop Compartment | Spacious & Multiple Pockets from Laptop Backpacks at Amazon.in. 30 days free exchange or return","This backpack is lightweight water-resistant, capacity of approx 37 Ltr, has a soft and ventilated back panel, and is perfect for carrying all your necessities. Adjustable and breathable padded shoulder strap to meet different requirements for both men and women; made from highly rip and water-resistant polyester fabric, provide strengthen and long-lasting performance; roomy enough for your traveling requirements also having a Rain cover.",B0BJ32LQ6X,AmazingBags
/Number-Backpack-Compartment-Charging-Organizer/dp/B09VTCNN75/,"FUR JADEN Anti Theft Number Lock Backpack Bag with 15.6 Inch Laptop Compartment, USB Charging Port & Organizer Pocket for Men Women Boys Girls",639,4.1,6654,"Buy FUR JADEN Anti Theft Number Lock Backpack Bag with 15.6 Inch Laptop Compartment, USB Charging Port & Organizer Pocket for Men Women Boys Girls (Grey) from Laptop Backpacks at Amazon.in. 30 days free exchange or return","Stay organized all day with a durable and lightweight backpack from Fur Jaden. This back pack is a stylish and functional accessory for men and women. Can add admiration to an appealing and daring personality with a remarkable aesthetics and functionality. This backpack features an anti-theft design. You can also charge your phone on the go and organize your stuff like pro. Fur Jaden functional back pack is apt to protect your gadgets and belongings from being stolen while you travel, thanks to its special anti-theft design. Now keep your belongings safe with style. The backpack features multiple compartments that you may use for your laptop and other essentials. A remarkable feature of this backpack allows you to charge your phone while you are on the move. With an attached charging dock in the back you may connect a portable power bank with ease. Weighing about 600grams, this backpack is lightweight. The backpack is able to house a laptop of up to 15.6 inches and has seven inner compartments to place your other essentials. Made from durable quality polymer this Fur Jaden back pack is sturdy and reliable. Flaunt this bag with style and low maintenance as this bag is washable. This backpack is also suitable for school or college. The straps are designed to distribute the weight equally on each shoulder preventing any sort of discomfort. Use this back pack for office, college/school or during travels.",B09VTCNN75,FURJADEN
/Gear-Classic-Leather-Backpack-LBPCLSLTH0201/dp/B07G4F6XFH/,Gear Classic 20L Small Faux Leather Water Resistant Anti Theft Laptop Bag/Office Backpack for Men/Women - Brown,798,4.4,6239,Buy Gear Classic 20L Small Faux Leather Water Resistant Anti Theft Laptop Bag/Office Backpack for Men/Women - Brown from Laptop Backpacks at Amazon.in. 30 days free exchange or return,"Gear bags are designed for the quick commute as well for the long journey. these backpacks can be used as laptop bags,adventure bags and so on. Your favorite travel companion, The backpacks come with enough storage space to carry all your requirements.",B07G4F6XFH,GearMerchandisePVTLTD
/ADISA-BP004-Weight-Casual-Backpack/dp/B07G3CG9FC/,ADISA Laptop Backpack 31 Ltrs,349,4.0,9231,"Buy Half Moon Large 35L Water Resistant 17.3"" Laptop Backpack for Men, Light Blue | Office Bag for Women with Padded Laptop Compartment | Spacious & Multiple Pockets from Laptop Backpacks at Amazon.in. 30 days free exchange or return","This backpack is lightweight water-resistant, capacity of approx 37 Ltr, has a soft and ventilated back panel, and is perfect for carrying all your necessities. Adjustable and breathable padded shoulder strap to meet different requirements for both men and women; made from highly rip and water-resistant polyester fabric, provide strengthen and long-lasting performance; roomy enough for your traveling requirements also having a Rain cover.",B07G3CG9FC, Amazing Bags
/ADISA-Laptop-Backpack-Office-College/dp/B09TPX22NF/,ADISA 15.6 inch laptop backpack office bag college travel back pack 32 Ltrs,399,3.9,1397,"Buy Half Moon Large 35L Water Resistant 17.3"" Laptop Backpack for Men, Light Blue | Office Bag for Women with Padded Laptop Compartment | Spacious & Multiple Pockets from Laptop Backpacks at Amazon.in. 30 days free exchange or return","This backpack is lightweight water-resistant, capacity of approx 37 Ltr, has a soft and ventilated back panel, and is perfect for carrying all your necessities. Adjustable and breathable padded shoulder strap to meet different requirements for both men and women; made from highly rip and water-resistant polyester fabric, provide strengthen and long-lasting performance; roomy enough for your traveling requirements also having a Rain cover.",B09TPX22NF, Amazing Bags
/Step-Backpack-Small-Water-Repellant/dp/B088XG77KN/,"Mi Step Out 12 L Mini Backpack (Small Size, Red, Water Repellant)",229,4.1,10270,"Buy Half Moon Large 35L Water Resistant 17.3"" Laptop Backpack for Men, Light Blue | Office Bag for Women with Padded Laptop Compartment | Spacious & Multiple Pockets from Laptop Backpacks at Amazon.in. 30 days free exchange or return","This backpack is lightweight water-resistant, capacity of approx 37 Ltr, has a soft and ventilated back panel, and is perfect for carrying all your necessities. Adjustable and breathable padded shoulder strap to meet different requirements for both men and women; made from highly rip and water-resistant polyester fabric, provide strengthen and long-lasting performance; roomy enough for your traveling requirements also having a Rain cover.",B088XG77KN, Amazing Bags
/Impulse-Diggy-Backpack-Resistant-Green/dp/B0CJHVCZZV/,Impulse Diggy 35L Laptop Backpack/Office Bag/School Bag/College Bag/Business Bag/Travel Backpack Water Resistant Fits Up to 16 Inch Laptop with 1 Year Warranty,399,4.1,21,"Buy Half Moon Large 35L Water Resistant 17.3"" Laptop Backpack for Men, Light Blue | Office Bag for Women with Padded Laptop Compartment | Spacious & Multiple Pockets from Laptop Backpacks at Amazon.in. 30 days free exchange or return","This backpack is lightweight water-resistant, capacity of approx 37 Ltr, has a soft and ventilated back panel, and is perfect for carrying all your necessities. Adjustable and breathable padded shoulder strap to meet different requirements for both men and women; made from highly rip and water-resistant polyester fabric, provide strengthen and long-lasting performance; roomy enough for your traveling requirements also having a Rain cover.",B0CJHVCZZV, Amazing Bags
/NORTH-ZONE-Lightweight-Backpacks-Stylish/dp/B0BL3S5NC1/,NORTH ZONE Lightweight school bags Backpacks for Boys Girls Stylish men and women Casual Travel Laptop Bag College office,540,4.0,1116,"Buy Half Moon Large 35L Water Resistant 17.3"" Laptop Backpack for Men, Light Blue | Office Bag for Women with Padded Laptop Compartment | Spacious & Multiple Pockets from Laptop Backpacks at Amazon.in. 30 days free exchange or return","This backpack is lightweight water-resistant, capacity of approx 37 Ltr, has a soft and ventilated back panel, and is perfect for carrying all your necessities. Adjustable and breathable padded shoulder strap to meet different requirements for both men and women; made from highly rip and water-resistant polyester fabric, provide strengthen and long-lasting performance; roomy enough for your traveling requirements also having a Rain cover.",B0BL3S5NC1, Amazing Bags
/American-Tourister-BACKPACK-COMPARTMENT-ORGANIZER/dp/B0BTD4S4XF/,American Tourister Valex 28 Ltrs Large Laptop Backpack with Bottle Pocket and Front Organizer- Black,1399,4.3,1342,"Buy Half Moon Large 35L Water Resistant 17.3"" Laptop Backpack for Men, Light Blue | Office Bag for Women with Padded Laptop Compartment | Spacious & Multiple Pockets from Laptop Backpacks at Amazon.in. 30 days free exchange or return","This backpack is lightweight water-resistant, capacity of approx 37 Ltr, has a soft and ventilated back panel, and is perfect for carrying all your necessities. Adjustable and breathable padded shoulder strap to meet different requirements for both men and women; made from highly rip and water-resistant polyester fabric, provide strengthen and long-lasting performance; roomy enough for your traveling requirements also having a Rain cover.",B0BTD4S4XF, Amazing Bags
/TRUE-HUMAN-EMPEROR%C2%AEMulti-purpose-backpack-charging/dp/B0CCLKZ21R/,"TRUE HUMAN EMPEROR®Multi-purpose backpack With USB charging Port Laptop,office,college,travel bag for men and women (WIZ)",499,3.9,7,"Buy Half Moon Large 35L Water Resistant 17.3"" Laptop Backpack for Men, Light Blue | Office Bag for Women with Padded Laptop Compartment | Spacious & Multiple Pockets from Laptop Backpacks at Amazon.in. 30 days free exchange or return","This backpack is lightweight water-resistant, capacity of approx 37 Ltr, has a soft and ventilated back panel, and is perfect for carrying all your necessities. Adjustable and breathable padded shoulder strap to meet different requirements for both men and women; made from highly rip and water-resistant polyester fabric, provide strengthen and long-lasting performance; roomy enough for your traveling requirements also having a Rain cover.",B0CCLKZ21R, Amazing Bags
/Arctic-Fox-Backpack-Charging-Laptop/dp/B089QBD333/,Arctic Fox Slope Anti Theft 23 L Backpack with USB Charging Port 15 Inch Laptop Backpack (Marble Black),1299,4.5,4528,"Buy Half Moon Large 35L Water Resistant 17.3"" Laptop Backpack for Men, Light Blue | Office Bag for Women with Padded Laptop Compartment | Spacious & Multiple Pockets from Laptop Backpacks at Amazon.in. 30 days free exchange or return","This backpack is lightweight water-resistant, capacity of approx 37 Ltr, has a soft and ventilated back panel, and is perfect for carrying all your necessities. Adjustable and breathable padded shoulder strap to meet different requirements for both men and women; made from highly rip and water-resistant polyester fabric, provide strengthen and long-lasting performance; roomy enough for your traveling requirements also having a Rain cover.",B089QBD333, Amazing Bags
/TRUE-Emperor-Anti-Theft-backpack-charging/dp/B0BYB631NR/,"TRUE HUMAN® Emperor Anti-Theft Pocket backpack With USB charging Port Laptop,office,college,travel bag for men and women(Epower)",499,3.7,461,"Buy Half Moon Large 35L Water Resistant 17.3"" Laptop Backpack for Men, Light Blue | Office Bag for Women with Padded Laptop Compartment | Spacious & Multiple Pockets from Laptop Backpacks at Amazon.in. 30 days free exchange or return","This backpack is lightweight water-resistant, capacity of approx 37 Ltr, has a soft and ventilated back panel, and is perfect for carrying all your necessities. Adjustable and breathable padded shoulder strap to meet different requirements for both men and women; made from highly rip and water-resistant polyester fabric, provide strengthen and long-lasting performance; roomy enough for your traveling requirements also having a Rain cover.",B0BYB631NR, Amazing Bags
/POLE-STAR-Polyester-Backpack-Compartment/dp/B07D6NXR2Q/,"POLESTAR Amaze 15.6 inch 30 LTR Casual Laptop Backpack/Office Bag/School Bag/College Bag/Business Bag/Unisex Backpack, Water Resistant and Light Weight, 1 year Warranty",549,4.0,6169,"Buy Half Moon Large 35L Water Resistant 17.3"" Laptop Backpack for Men, Light Blue | Office Bag for Women with Padded Laptop Compartment | Spacious & Multiple Pockets from Laptop Backpacks at Amazon.in. 30 days free exchange or return","This backpack is lightweight water-resistant, capacity of approx 37 Ltr, has a soft and ventilated back panel, and is perfect for carrying all your necessities. Adjustable and breathable padded shoulder strap to meet different requirements for both men and women; made from highly rip and water-resistant polyester fabric, provide strengthen and long-lasting performance; roomy enough for your traveling requirements also having a Rain cover.",B07D6NXR2Q, Amazing Bags
/Half-Moon-College-Spacious-Multiple/dp/B0C23Z9W18/,Half Moon Aztec 37L School Bag Class 5-12 | College Bagpack for Men/College Back pack for Women | 15.6 inch Laptop Bag for Men/Backpack for Men | Spacious & Multiple Pockets,529,3.5,353,"Buy Half Moon Large 35L Water Resistant 17.3"" Laptop Backpack for Men, Light Blue | Office Bag for Women with Padded Laptop Compartment | Spacious & Multiple Pockets from Laptop Backpacks at Amazon.in. 30 days free exchange or return","This backpack is lightweight water-resistant, capacity of approx 37 Ltr, has a soft and ventilated back panel, and is perfect for carrying all your necessities. Adjustable and breathable padded shoulder strap to meet different requirements for both men and women; made from highly rip and water-resistant polyester fabric, provide strengthen and long-lasting performance; roomy enough for your traveling requirements also having a Rain cover.",B0C23Z9W18, Amazing Bags
/Impulse-Diggy-Backpack-Business-Resistant/dp/B0CJHV6RTS/,Impulse Diggy 35L Laptop Backpack/Office Bag/School Bag/College Bag/Business Bag/Travel Backpack Water Resistant Fits Up to 16 Inch Laptop with 1 Year Warranty,399,4.1,21,"Buy Half Moon Large 35L Water Resistant 17.3"" Laptop Backpack for Men, Light Blue | Office Bag for Women with Padded Laptop Compartment | Spacious & Multiple Pockets from Laptop Backpacks at Amazon.in. 30 days free exchange or return","This backpack is lightweight water-resistant, capacity of approx 37 Ltr, has a soft and ventilated back panel, and is perfect for carrying all your necessities. Adjustable and breathable padded shoulder strap to meet different requirements for both men and women; made from highly rip and water-resistant polyester fabric, provide strengthen and long-lasting performance; roomy enough for your traveling requirements also having a Rain cover.",B0CJHV6RTS, Amazing Bags
/American-Tourister-BACKPACK-COMPARTMENT-ORGANIZER/dp/B0BTD4FK9G/,American Tourister Valex 28 Ltrs Large Laptop Backpack with Bottle Pocket and Front Organizer- Blue,999,4.2,921,"Buy Half Moon Large 35L Water Resistant 17.3"" Laptop Backpack for Men, Light Blue | Office Bag for Women with Padded Laptop Compartment | Spacious & Multiple Pockets from Laptop Backpacks at Amazon.in. 30 days free exchange or return","This backpack is lightweight water-resistant, capacity of approx 37 Ltr, has a soft and ventilated back panel, and is perfect for carrying all your necessities. Adjustable and breathable padded shoulder strap to meet different requirements for both men and women; made from highly rip and water-resistant polyester fabric, provide strengthen and long-lasting performance; roomy enough for your traveling requirements also having a Rain cover.",B0BTD4FK9G, Amazing Bags
/ADISA-Casual-Backpack-College-BP046-NAV_Navy/dp/B0BX3QFVSM/,ADISA 31 Ltrs Casual Backpack School College Bag Pack,349,3.9,351,"Buy Half Moon Large 35L Water Resistant 17.3"" Laptop Backpack for Men, Light Blue | Office Bag for Women with Padded Laptop Compartment | Spacious & Multiple Pockets from Laptop Backpacks at Amazon.in. 30 days free exchange or return","This backpack is lightweight water-resistant, capacity of approx 37 Ltr, has a soft and ventilated back panel, and is perfect for carrying all your necessities. Adjustable and breathable padded shoulder strap to meet different requirements for both men and women; made from highly rip and water-resistant polyester fabric, provide strengthen and long-lasting performance; roomy enough for your traveling requirements also having a Rain cover.",B0BX3QFVSM, Amazing Bags
/NORTH-ZONE-Restant-Office-Backpack/dp/B0CJ38KTFS/,NORTH ZONE 30L Water Restant Office Laptop Bag/Backpack for Men/Women/(Black),449,4.6,3,"Buy Half Moon Large 35L Water Resistant 17.3"" Laptop Backpack for Men, Light Blue | Office Bag for Women with Padded Laptop Compartment | Spacious & Multiple Pockets from Laptop Backpacks at Amazon.in. 30 days free exchange or return","This backpack is lightweight water-resistant, capacity of approx 37 Ltr, has a soft and ventilated back panel, and is perfect for carrying all your necessities. Adjustable and breathable padded shoulder strap to meet different requirements for both men and women; made from highly rip and water-resistant polyester fabric, provide strengthen and long-lasting performance; roomy enough for your traveling requirements also having a Rain cover.",B0CJ38KTFS, Amazing Bags
/LOOKMUSTER-Waterproof-Backpack-College-Business/dp/B0BZW8KW18/,LOOKMUSTER (15.6 inch 30 L Casual Waterproof Laptop Backpack/Office Bag/School Bag/College Bag/Business Bag/Unisex Travel Backpack,429,3.5,144,"Buy Half Moon Large 35L Water Resistant 17.3"" Laptop Backpack for Men, Light Blue | Office Bag for Women with Padded Laptop Compartment | Spacious & Multiple Pockets from Laptop Backpacks at Amazon.in. 30 days free exchange or return","This backpack is lightweight water-resistant, capacity of approx 37 Ltr, has a soft and ventilated back panel, and is perfect for carrying all your necessities. Adjustable and breathable padded shoulder strap to meet different requirements for both men and women; made from highly rip and water-resistant polyester fabric, provide strengthen and long-lasting performance; roomy enough for your traveling requirements also having a Rain cover.",B0BZW8KW18, Amazing Bags
/Lenovo-Comfortable-Dedicated-Compartment-4X41C94115/dp/B09QCYXZ1H/,"Lenovo 16-inch Value Lite Backpack, Comfortable, Padded Back Panel, Slim and Sleek, Dedicated Laptop Compartment, Padded Shoulder Straps for Optimal Comfort and Ergonomic Support (4X41C94115)",649,4.6,24,"Buy Half Moon Large 35L Water Resistant 17.3"" Laptop Backpack for Men, Light Blue | Office Bag for Women with Padded Laptop Compartment | Spacious & Multiple Pockets from Laptop Backpacks at Amazon.in. 30 days free exchange or return","This backpack is lightweight water-resistant, capacity of approx 37 Ltr, has a soft and ventilated back panel, and is perfect for carrying all your necessities. Adjustable and breathable padded shoulder strap to meet different requirements for both men and women; made from highly rip and water-resistant polyester fabric, provide strengthen and long-lasting performance; roomy enough for your traveling requirements also having a Rain cover.",B09QCYXZ1H, Amazing Bags
/ROZEN-partition-Collage-Backpack-SKYBLUE/dp/B0BRTFGG22/,"ROZEN 47 Ltrs, 46 cms School Bag Class 5-12 Large 5 partition Laptop Collage Office Travel Backpack Unisex",697,4.1,344,"Buy Half Moon Large 35L Water Resistant 17.3"" Laptop Backpack for Men, Light Blue | Office Bag for Women with Padded Laptop Compartment | Spacious & Multiple Pockets from Laptop Backpacks at Amazon.in. 30 days free exchange or return","This backpack is lightweight water-resistant, capacity of approx 37 Ltr, has a soft and ventilated back panel, and is perfect for carrying all your necessities. Adjustable and breathable padded shoulder strap to meet different requirements for both men and women; made from highly rip and water-resistant polyester fabric, provide strengthen and long-lasting performance; roomy enough for your traveling requirements also having a Rain cover.",B0BRTFGG22, Amazing Bags
/American-Tourister-Polycarbonate-FS3-004/dp/B084W559G8/,"American Tourister Georgia 3 Pc Set 55 cms + 69 cms+ 79 cms- Small, Medium & Large Polycarbonate (PC) Hard Sided 4 Spinner Wheels Trolley Bags (Midnight Blue)",9999,4.0,3603,"Buy Half Moon Large 35L Water Resistant 17.3"" Laptop Backpack for Men, Light Blue | Office Bag for Women with Padded Laptop Compartment | Spacious & Multiple Pockets from Laptop Backpacks at Amazon.in. 30 days free exchange or return","This backpack is lightweight water-resistant, capacity of approx 37 Ltr, has a soft and ventilated back panel, and is perfect for carrying all your necessities. Adjustable and breathable padded shoulder strap to meet different requirements for both men and women; made from highly rip and water-resistant polyester fabric, provide strengthen and long-lasting performance; roomy enough for your traveling requirements also having a Rain cover.",B084W559G8, Amazing Bags
/Amazon-Basics-Casual-Backpack-15-6-inch/dp/B09W4WJ1CB/,Amazon Basics 20 ltrs Casual/Travel/College Backpack for 15.6-inch Laptop | Water Resistant Fabric,359,4.0,419,"Buy Half Moon Large 35L Water Resistant 17.3"" Laptop Backpack for Men, Light Blue | Office Bag for Women with Padded Laptop Compartment | Spacious & Multiple Pockets from Laptop Backpacks at Amazon.in. 30 days free exchange or return","This backpack is lightweight water-resistant, capacity of approx 37 Ltr, has a soft and ventilated back panel, and is perfect for carrying all your necessities. Adjustable and breathable padded shoulder strap to meet different requirements for both men and women; made from highly rip and water-resistant polyester fabric, provide strengthen and long-lasting performance; roomy enough for your traveling requirements also having a Rain cover.",B09W4WJ1CB, Amazing Bags
/ADISA-Laptop-Backpack-Office-College/dp/B0BPVCBFM7/,ADISA 32L large laptop backpack office bag college travel back pack with rain cover,549,3.8,436,"Buy Half Moon Large 35L Water Resistant 17.3"" Laptop Backpack for Men, Light Blue | Office Bag for Women with Padded Laptop Compartment | Spacious & Multiple Pockets from Laptop Backpacks at Amazon.in. 30 days free exchange or return","This backpack is lightweight water-resistant, capacity of approx 37 Ltr, has a soft and ventilated back panel, and is perfect for carrying all your necessities. Adjustable and breathable padded shoulder strap to meet different requirements for both men and women; made from highly rip and water-resistant polyester fabric, provide strengthen and long-lasting performance; roomy enough for your traveling requirements also having a Rain cover.",B0BPVCBFM7, Amazing Bags
/Impulse-IMP-linear-Resistant-Navy/dp/B0CJJ15CM7/,Impulse IMP linear 45L Laptop Backpack/Office Bag/School Bag/College Bag/Business Bag/Travel Backpack Water Resistant Fits Up to 16 Inch Laptop with 1 Year Warranty,510,5.0,4,"Buy Half Moon Large 35L Water Resistant 17.3"" Laptop Backpack for Men, Light Blue | Office Bag for Women with Padded Laptop Compartment | Spacious & Multiple Pockets from Laptop Backpacks at Amazon.in. 30 days free exchange or return","This backpack is lightweight water-resistant, capacity of approx 37 Ltr, has a soft and ventilated back panel, and is perfect for carrying all your necessities. Adjustable and breathable padded shoulder strap to meet different requirements for both men and women; made from highly rip and water-resistant polyester fabric, provide strengthen and long-lasting performance; roomy enough for your traveling requirements also having a Rain cover.",B0CJJ15CM7, Amazing Bags
/Safari-Polycarbonate-Midnight-Hardsided-RAY534WMBL/dp/B07WHLHXB9/,"Safari RAY 53 Cms Small Cabin Polypropylene Hard Sided 4 Wheels 360 Degree Wheeling System Luggage/Suitcase/Trolley Bag, Midnight Blue",1599,4.1,4333,"Safari RAY 53 Cms Small Cabin Polypropylene Hard Sided 4 Wheels 360 Degree Wheeling System Luggage/Suitcase/Trolley Bag, Midnight Blue : Amazon.in: Fashion","Ray, the genuine cabin size PC from Safari allows you to pack your belongings into a compact luggage And travel hassle free. This 53 size PC fits into all cabin size airline specifications.",B07WHLHXB9, Safari Industries (India) Ltd
/Kleider-Travel-Business-Messenger-Shoulder/dp/B084ZHP97M/,DEIN KLEIDER Men's Nylon Messenger Bag,346,4.0,5541,DEIN KLEIDER Men's Messenger Bag (Black) : Amazon.in: Fashion,"Spacious and convenient, ideal for use as Messenger Bag.perfect product from DEIN KLEIDER for storing in your Objects to take with you for extra storage.",B084ZHP97M,
/Safari-Backpack-Resistant-Polyester-Travelling/dp/B09B26VHXV/,"Safari Flash Casual Backpack, 26 ltr Water Resistant Travel Bags| Weight Polyester Bagpack for Men and Women, Spacious Shoulder Bag for College, Office, Travelling and Camping",699,3.8,3449,Buy Safari Flash Medium 26L Water Resistant Polyester Casual Backpack- Blue from Casual Backpacks at Amazon.in. 30 days free exchange or return,,B09B26VHXV, Safari Industries
/Safari-Polyester-Cms-Travel-KRYPTON17DFBLU_Blue/dp/B097L2RSF1/,Safari Polyester 24 Cms Travel Bag(KRYPTON17DFBLU_Blue),449,3.7,109,Safari Polyester 24 Cms Travel Bag(KRYPTON17DFBLU_Blue) : Amazon.in: Fashion,Carry your gyml essentials effortlessly in style. Krypton is a lightweight and durable gym duffle bag with 25L of storage capacity. It is made out of premium polyester material to suit your gym requirements. The quick access front pocket makes your travel hassle free. Adjustable shoulder straps are provided along with dual handles for easy carriage of the bag. The color of the bag stands out in crowd and circular shape makes your gym bag look trendy.,B097L2RSF1, Safari
/TRUE-EMPEROR-charging-college-CAPTAIN/dp/B0C6HZDWRQ/,"TRUE HUMAN® EMPEROR 15.6 inch laptop bag with USB charging port Laptop bag,office bag, college bags anti theft (CAPTAIN)",529,3.7,39,"Buy TRUE HUMAN® EMPEROR 15.6 inch laptop bag with USB charging port Laptop bag,office bag, college bags anti theft (CAPTAIN) from Laptop Backpacks at Amazon.in. 30 days free exchange or return",,B0C6HZDWRQ,
/Gear-Classic-Leather-Backpack-LBPCLSLTH0201/dp/B07G4F6XFH/,Gear Classic 20L Small Faux Leather Water Resistant Anti Theft Laptop Bag/Office Backpack for Men/Women - Brown,798,4.4,6239,Buy Gear Classic 20L Small Faux Leather Water Resistant Anti Theft Laptop Bag/Office Backpack for Men/Women - Brown from Laptop Backpacks at Amazon.in. 30 days free exchange or return,"Gear bags are designed for the quick commute as well for the long journey. these backpacks can be used as laptop bags,adventure bags and so on. Your favorite travel companion, The backpacks come with enough storage space to carry all your requirements.",B07G4F6XFH, Gear Merchandise PVT LTD
/Bagneeds-Synthetic-Leather-Briefcase-Messenger/dp/B0855F8174/,Bagneeds Men's Black Synthetic Leather Briefcase Best Laptop Messenger Bag Satchel for Men,683,4.1,4785,Bagneeds Men's Brown Synthetic Leather Best Laptop Messenger Bag Satchel for Men : Amazon.in: Computers & Accessories,,B0855F8174, Bagneeds
/Lunars-Travel-Laptop-Bag-compartments/dp/B08NHKF2G7/,"Lunar's Unisex 50L Water Resistant Office/Travel/Business Laptop Backpack, Bag for up to 17.3 inch Laptop/MacBook with rain Cover and 2 Large compartments",1199,4.0,2755,"Buy Lunar's Hammer Laptop Bag for Men, MBlue | 50L Water Resistant Backpack for Men | Fits upto 17.3"" Laptop | Stylish & Durable | For Office/Travel/Business Laptop Backpack | 1 Yr Warranty from Laptop Backpacks at Amazon.in. 30 days free exchange or return",,B08NHKF2G7," Akshaya Rubbers, Hebbal Industrial Area, Mysore"
/Hoteon-Backpack-Anti-Theft-Earphone-Resistant/dp/B08HM4TQZZ/,"Golden Wolf Backpack with Rain Cover Anti-theft Backpack with Lock 15.6-inch Laptop Bag Multi-pockets with USB Port for Business Travel College,Dark Grey",1999,4.3,3623,"Buy Golden Wolf Backpack with Rain Cover Anti-theft Backpack with Lock 15.6-inch Laptop Bag Multi-pockets with USB Port for Business Travel College,Dark Grey from Laptop Backpacks at Amazon.in. 30 days free exchange or return",,B08HM4TQZZ, ah arctic hunter
/TRUE-HUMAN-Anti-Theft-charging-combination/dp/B09H7PK5ML/,TRUE HUMAN® Anti-Theft backpack with USB charging port and combination Number lock Laptop bag/office bag/travel bag for men and women,499,3.8,2012,Buy TRUE HUMAN® Anti-Theft backpack with USB charging port and combination Number lock Laptop bag/office bag/travel bag for men and women (grey) from Laptop Backpacks at Amazon.in. 30 days free exchange or return,"Product description Features: Made of durable and Eco-friendly water resistant oxford textile fabric, keep your laptop dry from small rain. Built-in well padded laptop sleeve with elastic velcro strap closure. Soft air permeability padded back cushion shoulder straps make it light and make you all day comfortable. Multiple compartments allow you to keep all of your stuffs secure and organized. Night vision reflective design, which keeps you safe while bicycling at night. A anti-theft zipped pocket for your valuables. This laptop bag can used for daily walk-around, work, school, day trips, vacation, travel, day hikes ,camping etc. What you can put in this laptop backpack? - You can put 2-3 clothes, A4 books, 15.6"" laptop, i-pad, glasses, wallet, keys, earphone, power bank, camera, cell phone and document in the back pack. - You Get What You pay for! Don't compare with cheaply made, Considering the high quality of the material, components, finishing and overall design it is exceptional value for money.",B09H7PK5ML, 1
/Half-Moon-Resistant-Backpack-Compartment/dp/B09T2TCSW7/,Half Moon 34 L Water Resistant 15.6 inch Laptop Bag/Backpack for Men Women Boys Girls/Office School College with Padded Laptop Compartment (Grey),489,3.9,1414,"Buy Half Moon 34L Water Resistant 15.6 inch Laptop Bag for Men/Backpack for Men, Grey Textured | Office Bag for Men/Office Bag for Women with Padded Laptop Compartment | Rain Cover & Reflective Strips from Laptop Backpacks at Amazon.in. 30 days free exchange or return","Half Moon backpack is designed to be used everywhere you can use it as:- college bag(as it has numerous pockets inside), school bag(there is very large space inside the bag that can be used to carry numerous books), travel backpack(the volume of this backpack is 35 litres and that is enough for travelling), laptop bag(as it contains a laptop sleeve). It is navy in colour so that it will not become dirty easily it has padded straps to make it easy to carry. It is fully waterproof to protect your laptop, books etc from water and rain. The material used in this bag is dust-free so, that it can produce your backpack from dust. It has a rain cover which is very useful in the rainy season to protect your backpack from rain. It can be used everywhere as well as by everyone be it menं , womenं , boys and girls.",B09T2TCSW7, Half_Moon (AB Amazing Bags)
/American-Tourister-Harp-Duffle-Grey/dp/B0BTHP5LS1/,American Tourister Harp Duffle Bag 52 CM Grey,1099,4.0,35,American Tourister Harp Duffle Bag 52 CM Grey : Amazon.in: Fashion,Transport your travel essentials effortlessly and stylishly. This extremely lightweight and durable features 100 percentage polyester construction with sharp molded details.,B0BTHP5LS1, Lanway
/ANTILS%C2%AE-Water-Rubber-Relief-Therapy/dp/B08PFTYB2N/,ANTIL'S® Hot Water Rubber Bottle bag for Pain Relief Therapy (Pack of 1) Multicolor,198,4.0,4517,ANTIL'S® Hot Water Rubber Bottle bag for Pain Relief Therapy (Pack of 1) Multicolor : Amazon.in: Health & Personal Care,,B08PFTYB2N, ANTIL'S
/American-Tourister-Polycarbonate-FS3-004/dp/B084W559G8/,"American Tourister Georgia 3 Pc Set 55 cms + 69 cms+ 79 cms- Small, Medium & Large Polycarbonate (PC) Hard Sided 4 Spinner Wheels Trolley Bags (Midnight Blue)",9999,4.0,3603,"Buy American Tourister Georgia 3 Pc Set 55 cms + 69 cms+ 79 cms- Small, Medium & Large Polycarbonate (PC) Hard Sided 4 Spinner Wheels Trolley Bags (Midnight Blue) from Suitcases & Trolley Bags at Amazon.in. 30 days free exchange or return","The fashion conscious and on-trend American Tourister patron prefers to step-out in style no matter the occasion. Like all products from the brand, our luggage bags meet the highest quality standards for which American Tourister is known. This attention to detail is reflected in the positive feedback from our customers in 100+ countries. Want to make a statement as well as spruce up your fashion? Look no further than our latest collection Georgia Spinner. A premium PC luggage in rich colours - such that will make even the A-listers turn their heads! This Spinner allows you that extra packing space to accommodate your last-minute shopping.",B084W559G8, Samsonite
/TRUE-EMPEROR-charging-college-CAPTAIN/dp/B0C6HZDWRQ/,"TRUE HUMAN® EMPEROR 15.6 inch laptop bag with USB charging port Laptop bag,office bag, college bags anti theft (CAPTAIN)",529,3.7,39,"Buy TRUE HUMAN® EMPEROR 15.6 inch laptop bag with USB charging port Laptop bag,office bag, college bags anti theft (CAPTAIN) from Laptop Backpacks at Amazon.in. 30 days free exchange or return",,B0C6HZDWRQ,
/SFANE-Duffel-Shoulder-Women-Compartment/dp/B07XXFB9CZ/,Sfane Polyester 23cms Duffle/Shoulder/Gym Bag for Men & Women with Separate Shoe Compartment (Grey),365,4.3,8409,Buy Sfane Polyester 23cms Duffle/Shoulder/Gym Bag for Men & Women with Separate Shoe Compartment (Grey) from Sports Duffles at Amazon.in. 30 days free exchange or return,"Sfane Sports Bag practical everyday sizing make it great for hauling just about anything.Big compartments holds Sports Clothing, Gloves, Shaker, Sports ball, Sports Accessories, etc. Or anything that might be wet or soiled. High quality provide years of dependable service. Made in India.",B07XXFB9CZ, Sfane
/Half-Moon-College-Spacious-Multiple/dp/B0C23Z9W18/,Half Moon Aztec 37L School Bag Class 5-12 | College Bagpack for Men/College Back pack for Women | 15.6 inch Laptop Bag for Men/Backpack for Men | Spacious & Multiple Pockets,529,3.5,353,Buy Half Moon Aztec 37L School Bag Class 5-12 | College Bagpack for Men/Women | 15.6 inch Laptop Bag | Spacious & Multiple Pockets (Sea Green) from Laptop Backpacks at Amazon.in. 30 days free exchange or return,,B0C23Z9W18, Half_Moon
/WHITECRAFT-Polyester-Waterproof-Backpack-Business/dp/B0CJJQWK72/,WHITECRAFT Polyester 30 Liter Waterproof Backpack for Men & Women| Fits upto 12-17 Inch Laptop Bag | Travel/Business/College/Casual Daypacks,386,0.0,0,Buy WHITECRAFT Polyester 30 Liter Waterproof Backpack for Men & Women| Fits upto 12-17 Inch Laptop Bag | Travel/Business/College/Casual Daypacks (Black Grey) from Laptop Backpacks at Amazon.in. 30 days free exchange or return,"Meet seek! WHITECRAFT is introducing one of its kind of an overnighter backpack. Made out of polyester, it has an exquisite look. There is a convey pack available like the one available in luggage. It has a capacity of 30 liters hence it is provided with load stabilizers on shoulder straps like the ones available in rucksacks. A perfect bag for leisure or an official trip of 2-3 days.",B0CJJQWK72,
/ZOUK-Printed-Handmade-Leather-handles/dp/B07NHYLTY7/,ZOUK Black Floral Printed Handmade Vegan Leather Women's Office Bag for 15.6 inch Laptop with double handles - FloMotif,1549,1099.0,4.3,ZOUK Black Floral Printed Handmade Vegan Leather Women's Office Bag for 15.6 inch Laptop with double handles - FloMotif : Amazon.in: Computers & Accessories,,B07NHYLTY7," Seaturtle Pvt. Ltd. Thakur Compound, 2nd Floor, 3, USV Lane, Deonar, Mumbai, Maharashtra 400088"
/Amazon-Brand-Presto-Oxo-Biodegradable-Garbage/dp/B0821PKWBW/,"Presto! Oxo-Biodegradable Garbage Bags, Small - 30 bags/roll (Pack of 6, plastic, Black)",259,15909.0,4.3,"Presto! Oxo-Biodegradable Garbage Bags, Small - 30 bags/roll (Pack of 6, plastic, Black) : Amazon.in: Home & Kitchen","Presto! Offers Oxo-Biodegradable Garbage Bags To Help You Maintain Cleanliness And Hygiene In Your House, Office And Surroundings. These Garbage Bags Make Clean-Up And Garbage Disposal A Hassle-Free Task While Being Easy On The Environment! Line Them Up In Your Bedroom Or Bathroom Dustbins Or Use Them To Segregate Dry And Wet Waste In The Kitchen. Effectively Clear Out Messy Trash Like Baby Diapers And Kitty Litter! Handy At Offices Or Hotels, TheyRe Useful For Getting Rid Of Leftover Party Plates And Garbage As Well. They Come With A Detachable Tie-Tape Which Lets You Neatly Tie Up The Bag, Making It Easier To Carry Out After Use. These Small-Sized Bags Easily Fit Any Small Dustbins. They Are Available In Black Colour In A Pack Of 6 Rolls, And Each Roll Contains 30 Bags For Your Convenience.",B0821PKWBW, Narendar Plastics Pvt.Ltd
/Corduroy-Reusable-Shopping-Washable-Shoulder/dp/B0BNX437F8/,PALAY® Tote Bags For Women Bag Corduroy Large Capacity Reusable Shopping Bag Washable Shoulder Bags HandBags for School Work Shopping Travel Daily Use Grocery,488,100.0,4.3,Buy PALAY® Tote Bags For Women Bag Corduroy Large Capacity Reusable Shopping Bag Washable Shoulder Bags HandBags for School Work Shopping Travel Daily Use Grocery from Totes at Amazon.in. 30 days free exchange or return,,B0BNX437F8, PALAY
/DZert-School-Polyester-Backpack-White/dp/B07GXYHFCY/,DZert Clasy Laptop Bag College Bag for Boys Girls 21 L Blue White,339,2612.0,3.8,Buy DZert Clasy Laptop Bag College Bag for Boys Girls 21 L Blue White from Laptop Backpacks at Amazon.in. 30 days free exchange or return,,B07GXYHFCY, Rushi Enterprise
/AUXTER-BLACKY-Duffel-Emboss-Black/dp/B07F2H25NP/,AUXTER Faux Leather 23 Cms Duffle Bag(AUX_GB_LE_Black -SE__0521_Black),429,9382.0,4.3,Buy AUXTER Faux Leather 23 Cms Duffle Bag(AUX_GB_LE_Black -SE__0521_Black) from Sports Duffles at Amazon.in. 30 days free exchange or return,,B07F2H25NP, Auxter
/Lavie-Womens-Closure-Satchel-Handbag_Chocolate/dp/B07DJ9Q1NY/,Lavie Women's Ficus Satchel Bag | Ladies Purse Handbag,1599,4607.0,4.1,Lavie Women's Ficus Satchel Bag | Ladies Purse Handbag : Amazon.in: Fashion,,B07DJ9Q1NY, Bagzone Lifestyle Pvt Ltd
/TRUE-Anti-Theft-combination-security-charging/dp/B0CJ8WTYFK/,"TRUE HUMAN® Emperor Anti-Theft Laptop Bag, Office bag, college bag With combination security lock and USB charging port(Hybrid)",650,0.0,0,"TRUE HUMAN® Emperor Anti-Theft Laptop Bag, Office bag, college bag With combination security lock and USB charging port(Hybrid) : Amazon.in: Computers & Accessories","Product description Features: Made of durable and Eco-friendly water resistant oxford textile fabric, keep your laptop dry from small rain. Built-in well padded laptop sleeve with strap closure. Soft air permeability padded back cushion shoulder straps make it light and make you all day comfortable. Multiple compartments allow you to keep all of your stuffs secure and organized. Night vision reflective design, which keeps you safe at night. A anti-theft zipped pocket for your valuables. This laptop bag can used for daily walk-around, work, school, day trips, vacation, travel, day hikes ,camping etc. What you can put in this laptop backpack? - You can put 2-3 clothes, A4 books, 15.6"" laptop, i-pad, glasses, wallet, keys, earphone, power bank, camera, cell phone and document in the back pack. - You Get What You pay for! Don't compare with cheaply made, Considering the high quality of the material, components, finishing and overall design it is exceptional value for money.",B0CJ8WTYFK,
/Purple-Tree-Canvas-Tote-Women/dp/B07PDYTXD7/,"The Purple Tree Canvas Tote Bag For Women - 1 Pc , women tote bag , canvas tote bag , printed tote bag , printed canvas tote bag , stylish bags for women TBAG00422",349,597.0,4.2,"Buy The Purple Tree Canvas Tote Bag For Women - 1 Pc , women tote bag , canvas tote bag , printed tote bag , printed canvas tote bag , stylish bags for women TBAG00422 from Totes at Amazon.in. 30 days free exchange or return",,B07PDYTXD7, the purple tree
/Nautica-Leatherette-Comfortable-Travelling-Suitable/dp/B0BQMQQJK4/,"Nautica Duffle Bag for Travel | Stylish Leatherette Luggage | Compact and Comfortable for Travelling | Suitable for Men's and Women's One Size (Black, 15 cms)",1299,76.0,4.2,"Buy Nautica Duffle Bag for Travel | Stylish Leatherette Luggage | Compact and Comfortable for Travelling | Suitable for Men's and Women's One Size (Black, 15 cms) from Travel Duffles at Amazon.in. 30 days free exchange or return",,B0BQMQQJK4, Brandzstorm India Marketing Pvt Ltd
/ADISA-Laptop-Backpack-Office-College/dp/B09TPVD964/,ADISA 15.6 inch laptop backpack office bag college travel back pack 32 Ltrs,399,1397.0,3.9,"Amazon.in: Buy ADISA 15.6 inch laptop backpack office bag college travel back pack 32 Ltrs (z-Teal) online at low price in India on Amazon.in. Check out ADISA 15.6 inch laptop backpack office bag college travel back pack 32 Ltrs (z-Teal) reviews, ratings, features, specifications and more at Amazon.in",,B09TPVD964, ADISA
/Killer-Backpack-Compartments-Polyester-Waterproof/dp/B07C9XHZT1/,KILLER Louis 38L Large Laptop Backpack With 3 Compartments Polyester Trendy Waterproof Travel Backpack,"1,749",4.4,9469,Buy KILLER Louis 38L Large Laptop Backpack with 3 Compartments Black Polyester Trendy Waterproof Travel Backpack from Laptop Backpacks at Amazon.in. 30 days free exchange or return,"Stylish and Durable Spacious Laptop Backpack for Travel Killer LOUIS 15.6 inch laptop backpack is made of High grade water resistance PU coated polyester material that gives it strength and makes it durable for long-term use. It features 3 large well padded zippered compartments and One large easy access front pocket. Well padded laptop section fits upto 15.6 inch laptop, middle compartment is big enough to hold your office or weekend trip cloths or daily use belongings, front compartment with organizer section is to keep all official documents and small electronic gadgets, you can use it to store the charger, mouse, pen drive, notepad, pen and other essentials it also has one front zippered pockets for easy access items,. Killer LOUIS backpack features two mesh side pockets, where you can keep your water bottle or any other item for an quick access. Waterproof large Laptop Backpack Bag. Killer LOUIS laptop backpack is perfect laptop bag for you, its cushioned laptop pocket keep your laptop securely tight and protected while you are on the move. This laptop bag pack suits your style & is very comfortable to carry, its ergonomics and makes you forget the load you are carrying, well-padded shoulder straps ease the carrying Outer Fabric: Durable PU coated Linen Polyester Fabric. Compartments & Pockets: 3 main compartment, One front Pocket, Two side mesh pockets. Compatible laptop Size: Upto 15.6 inches. Weight: 800gm; Dimensions: 13.00x18.75x9.50 inches (WxHxD).",B07C9XHZT1, KILLER
/Skybags-Trooper-Polycarbonate-Hardsided-Luggage/dp/B09JYT5KDW/,Skybags Trooper 55 Cms Small Cabin Polycarbonate Hard Sided 4 Spinner Wheels Luggage/Suitcase/Trolley Bag- Red and White,"2,699",4.2,19888,Buy Skybags Trooper 55 Cms Small Cabin Polycarbonate Hard Sided 4 Spinner Wheels Luggage/Suitcase/Trolley Bag- Red and White from Suitcases & Trolley Bags at Amazon.in. 30 days free exchange or return,This is a polycarbonate material printed luggage trolley from Skybags brand with a capacity of 31.2L and dimension as 38cmx21cmx55cm (LXWXH),B09JYT5KDW, VIP Industries Ltd
/ROZEN-Fabric-Travel-Luggage-Duffle/dp/B085QMBX8H/,"ROZEN Heavy Dutty Polyester Fabric Travel Duffle Bag (Sky Blue, 50 L, 22Inch)",628,3.9,2521,"Buy ROZEN Heavy Dutty Polyester Fabric Travel Duffle Bag (Sky Blue, 50 L, 22Inch) from Travel Duffles at Amazon.in. 30 days free exchange or return","Travel in style with a sophisticated duffle designed to hold all your essential items for an overnight trip, in-flight travel or an adventure trip . The Alive Travel Duffle with two Side Pockets is made from ultra-light yet strong PU coated fabric with a classic duffle design that makes it both sporty and sophisticated. This classic duffle has a U-shaped top zipper closure with double zipper pulls, a roomy main compartment with plenty of room for clothes, toiletries, and portable electronic devices, two zippered end pockets. Carry this duffel by the top handles or use the adjustable detachable strap with padded strap for comfortable shoulder carrying.",B085QMBX8H, ROZEN
